[
  {
    "name": "blue_jazz",
    "growth_time": 7,
    "season": [
      "spring"
    ],
    "base_price": 50,
    "regrows": false,
    "image_url": "https://stardewvalleywiki.com/mediawiki/images/2/2f/Blue_Jazz.png",
    "type": "flower"
  },
  {
    "name": "carrot",
    "growth_time": 3,
    "season": [
      "spring"
    ],
    "base_price": 35,
    "regrows": false,
    "image_url": "https://stardewvalleywiki.com/mediawiki/images/c/c3/Carrot.png",
    "type": "vegetable"
  },
  {
    "name": "cauliflower",
    "growth_time": 12,
    "season": [
      "spring"
    ],
    "base_price": 175,
    "regrows": false,
    "image_url": "https://stardewvalleywiki.com/mediawiki/images/a/aa/Cauliflower.png",
    "type": "vegetable"
  },
  {
    "name": "coffee_bean",
    "growth_time": 10,
    "season": [
      "spring",
      "summer"
    ],
    "base_price": 15,
    "regrows": true,
    "image_url": "https://stardewvalleywiki.com/mediawiki/images/3/33/Coffee_Bean.png",
    "type": ""
  },
  {
    "name": "garlic",
    "growth_time": 4,
    "season": [
      "spring"
    ],
    "base_price": 60,
    "regrows": false,
    "image_url": "https://stardewvalleywiki.com/mediawiki/images/c/cc/Garlic.png",
    "type": "vegetable"
  },
  {
    "name": "green_bean",
    "growth_time": 10,
    "season": [
      "spring"
    ],
    "base_price": 40,
    "regrows": true,
    "image_url": "https://stardewvalleywiki.com/mediawiki/images/5/5c/Green_Bean.png",
    "type": "vegetable"
  },
  {
    "name": "kale",
    "growth_time": 6,
    "season": [
      "spring"
    ],
    "base_price": 110,
    "regrows": false,
    "image_url": "https://stardewvalleywiki.com/mediawiki/images/d/d1/Kale.png",
    "type": "vegetable"
  },
  {
    "name": "parsnip",
    "growth_time": 4,
    "season": [
      "spring"
    ],
    "base_price": 35,
    "regrows": false,
    "image_url": "https://stardewvalleywiki.com/mediawiki/images/d/db/Parsnip.png",
    "type": "vegetable"
  },
  {
    "name": "potato",
    "growth_time": 6,
    "season": [
      "spring"
    ],
    "base_price": 80,
    "regrows": false,
    "image_url": "https://stardewvalleywiki.com/mediawiki/images/c/c2/Potato.png",
    "type": "vegetable"
  },
  {
    "name": "rhubarb",
    "growth_time": 13,
    "season": [
      "spring"
    ],
    "base_price": 220,
    "regrows": false,
    "image_url": "https://stardewvalleywiki.com/mediawiki/images/6/6e/Rhubarb.png",
    "type": "fruit"
  },
  {
    "name": "strawberry",
    "growth_time": 8,
    "season": [
      "spring"
    ],
    "base_price": 120,
    "regrows": true,
    "image_url": "https://stardewvalleywiki.com/mediawiki/images/6/6d/Strawberry.png",
    "type": "fruit"
  },
  {
    "name": "tulip",
    "growth_time": 6,
    "season": [
      "spring"
    ],
    "base_price": 30,
    "regrows": false,
    "image_url": "https://stardewvalleywiki.com/mediawiki/images/c/cf/Tulip.png",
    "type": "flower"
  },
  {
    "name": "unmilled_rice",
    "growth_time": 8,
    "season": [
      "spring"
    ],
    "base_price": 30,
    "regrows": false,
    "image_url": "https://stardewvalleywiki.com/mediawiki/images/f/fe/Unmilled_Rice.png",
    "type": "vegetable"
  },
  {
    "name": "blueberry",
    "growth_time": 13,
    "season": [
      "summer"
    ],
    "base_price": 50,
    "regrows": true,
    "image_url": "https://stardewvalleywiki.com/mediawiki/images/9/9e/Blueberry.png",
    "type": "fruit"
  },
  {
    "name": "corn",
    "growth_time": 14,
    "season": [
      "summer",
      "fall"
    ],
    "base_price": 50,
    "regrows": true,
    "image_url": "https://stardewvalleywiki.com/mediawiki/images/f/f8/Corn.png",
    "type": "vegetable"
  },
  {
    "name": "hops",
    "growth_time": 11,
    "season": [
      "summer"
    ],
    "base_price": 25,
    "regrows": false,
    "image_url": "https://stardewvalleywiki.com/mediawiki/images/5/59/Hops.png",
    "type": "vegetable"
  },
  {
    "name": "hot_pepper",
    "growth_time": 5,
    "season": [
      "summer"
    ],
    "base_price": 40,
    "regrows": true,
    "image_url": "https://stardewvalleywiki.com/mediawiki/images/f/f1/Hot_Pepper.png",
    "type": "fruit"
  },
  {
    "name": "melon",
    "growth_time": 12,
    "season": [
      "summer"
    ],
    "base_price": 250,
    "regrows": false,
    "image_url": "https://stardewvalleywiki.com/mediawiki/images/1/19/Melon.png",
    "type": "fruit"
  },
  {
    "name": "poppy",
    "growth_time": 7,
    "season": [
      "summer"
    ],
    "base_price": 140,
    "regrows": false,
    "image_url": "https://stardewvalleywiki.com/mediawiki/images/3/37/Poppy.png",
    "type": "flower"
  },
  {
    "name": "radish",
    "growth_time": 6,
    "season": [
      "summer"
    ],
    "base_price": 90,
    "regrows": false,
    "image_url": "https://stardewvalleywiki.com/mediawiki/images/d/d5/Radish.png",
    "type": "vegetable"
  },
  {
    "name": "red_cabbage",
    "growth_time": 9,
    "season": [
      "summer"
    ],
    "base_price": 260,
    "regrows": false,
    "image_url": "https://stardewvalleywiki.com/mediawiki/images/2/2d/Red_Cabbage.png",
    "type": "vegetable"
  },
  {
    "name": "starfruit",
    "growth_time": 13,
    "season": [
      "summer"
    ],
    "base_price": 750,
    "regrows": false,
    "image_url": "https://stardewvalleywiki.com/mediawiki/images/d/db/Starfruit.png",
    "type": "fruit"
  },
  {
    "name": "summer_spangle",
    "growth_time": 8,
    "season": [
      "summer"
    ],
    "base_price": 90,
    "regrows": false,
    "image_url": "https://stardewvalleywiki.com/mediawiki/images/9/9f/Summer_Spangle.png",
    "type": "flower"
  },
  {
    "name": "summer_squash",
    "growth_time": 6,
    "season": [
      "summer"
    ],
    "base_price": 45,
    "regrows": true,
    "image_url": "https://stardewvalleywiki.com/mediawiki/images/4/43/Summer_Squash.png",
    "type": "vegetable"
  },
  {
    "name": "sunflower",
    "growth_time": 8,
    "season": [
      "summer",
      "fall"
    ],
    "base_price": 80,
    "regrows": false,
    "image_url": "https://stardewvalleywiki.com/mediawiki/images/8/81/Sunflower.png",
    "type": "flower"
  },
  {
    "name": "tomato",
    "growth_time": 11,
    "season": [
      "summer"
    ],
    "base_price": 60,
    "regrows": true,
    "image_url": "https://stardewvalleywiki.com/mediawiki/images/9/9d/Tomato.png",
    "type": "vegetable"
  },
  {
    "name": "wheat",
    "growth_time": 4,
    "season": [
      "summer",
      "fall"
    ],
    "base_price": 25,
    "regrows": false,
    "image_url": "https://stardewvalleywiki.com/mediawiki/images/e/e2/Wheat.png",
    "type": "vegetable"
  },
  {
    "name": "amaranth",
    "growth_time": 7,
    "season": [
      "fall"
    ],
    "base_price": 150,
    "regrows": false,
    "image_url": "https://stardewvalleywiki.com/mediawiki/images/f/f6/Amaranth.png",
    "type": "vegetable"
  },
  {
    "name": "artichoke",
    "growth_time": 8,
    "season": [
      "fall"
    ],
    "base_price": 160,
    "regrows": false,
    "image_url": "https://stardewvalleywiki.com/mediawiki/images/d/dd/Artichoke.png",
    "type": "vegetable"
  },
  {
    "name": "beet",
    "growth_time": 6,
    "season": [
      "fall"
    ],
    "base_price": 100,
    "regrows": false,
    "image_url": "https://stardewvalleywiki.com/mediawiki/images/a/a4/Beet.png",
    "type": "vegetable"
  },
  {
    "name": "bok_choy",
    "growth_time": 4,
    "season": [
      "fall"
    ],
    "base_price": 80,
    "regrows": false,
    "image_url": "https://stardewvalleywiki.com/mediawiki/images/4/40/Bok_Choy.png",
    "type": "vegetable"
  },
  {
    "name": "broccoli",
    "growth_time": 8,
    "season": [
      "fall"
    ],
    "base_price": 70,
    "regrows": true,
    "image_url": "https://stardewvalleywiki.com/mediawiki/images/f/f1/Broccoli.png",
    "type": "vegetable"
  },
  {
    "name": "cranberries",
    "growth_time": 7,
    "season": [
      "fall"
    ],
    "base_price": 75,
    "regrows": true,
    "image_url": "https://stardewvalleywiki.com/mediawiki/images/6/6e/Cranberries.png",
    "type": "fruit"
  },
  {
    "name": "eggplant",
    "growth_time": 5,
    "season": [
      "fall"
    ],
    "base_price": 60,
    "regrows": true,
    "image_url": "https://stardewvalleywiki.com/mediawiki/images/8/8f/Eggplant.png",
    "type": "vegetable"
  },
  {
    "name": "fairy_rose",
    "growth_time": 12,
    "season": [
      "fall"
    ],
    "base_price": 290,
    "regrows": false,
    "image_url": "https://stardewvalleywiki.com/mediawiki/images/5/5c/Fairy_Rose.png",
    "type": "flower"
  },
  {
    "name": "grape",
    "growth_time": 7,
    "season": [
      "summer",
      "fall"
    ],
    "base_price": 80,
    "regrows": true,
    "image_url": "https://stardewvalleywiki.com/mediawiki/images/c/c2/Grape.png",
    "type": "fruit"
  },
  {
    "name": "pumpkin",
    "growth_time": 13,
    "season": [
      "fall"
    ],
    "base_price": 320,
    "regrows": false,
    "image_url": "https://stardewvalleywiki.com/mediawiki/images/6/64/Pumpkin.png",
    "type": "vegetable"
  },
  {
    "name": "yam",
    "growth_time": 10,
    "season": [
      "fall"
    ],
    "base_price": 160,
    "regrows": false,
    "image_url": "https://stardewvalleywiki.com/mediawiki/images/5/52/Yam.png",
    "type": "vegetable"
  },
  {
    "name": "powdermelon",
    "growth_time": 7,
    "season": [
      "winter"
    ],
    "base_price": 60,
    "regrows": false,
    "image_url": "https://stardewvalleywiki.com/mediawiki/images/a/aa/Powdermelon.png",
    "type": "fruit"
  },
  {
    "name": "ancient_fruit",
    "growth_time": 28,
    "season": [
      "spring",
      "summer",
      "fall"
    ],
    "base_price": 550,
    "regrows": true,
    "image_url": "https://stardewvalleywiki.com/mediawiki/images/0/01/Ancient_Fruit.png",
    "type": "fruit"
  },
  {
    "name": "cactus_fruit",
    "growth_time": 12,
    "season": [
      "all"
    ],
    "base_price": 75,
    "regrows": true,
    "image_url": "https://stardewvalleywiki.com/mediawiki/images/3/32/Cactus_Fruit.png",
    "type": ""
  },
  {
    "name": "pineapple",
    "growth_time": 14,
    "season": [
      "all",
      "ginger island",
      "summer"
    ],
    "base_price": 300,
    "regrows": true,
    "image_url": "https://stardewvalleywiki.com/mediawiki/images/f/fb/Pineapple.png",
    "type": "fruit"
  },
  {
    "name": "taro_root",
    "growth_time": 10,
    "season": [
      "all",
      "ginger island",
      "summer"
    ],
    "base_price": 100,
    "regrows": false,
    "image_url": "https://stardewvalleywiki.com/mediawiki/images/0/01/Taro_Root.png",
    "type": "vegetable"
  },
  {
    "name": "tea_leaves",
    "growth_time": 20,
    "season": [
      "spring",
      "summer",
      "fall"
    ],
    "base_price": 50,
    "regrows": false,
    "image_url": "https://stardewvalleywiki.com/mediawiki/images/5/5b/Tea_Leaves.png",
    "type": "vegetable"
  }
]